Date,Price,Open,High,Low,Vol.,Change %
25-09-2026,"3,426.00","3,426.00","3,426.00","3,426.00",,-1.35%
24-09-2026,"3,473.00","3,473.00","3,473.00","3,473.00",,1.25%
23-09-2026,"3,430.00","3,430.00","3,430.00","3,430.00",,-0.06%
22-09-2026,"3,432.00","3,432.00","3,432.00","3,432.00",,0.97%
21-09-2026,"3,399.00","3,399.00","3,399.00","3,399.00",,0.86%
18-09-2026,"3,370.00","3,370.00","3,370.00","3,370.00",,1.02%
17-09-2026,"3,336.00","3,336.00","3,336.00","3,336.00",,0.27%
16-09-2026,"3,327.00","3,327.00","3,327.00","3,327.00",,-0.98%
15-09-2026,"3,360.00","3,360.00","3,360.00","3,360.00",,-2.47%
14-09-2026,"3,445.00","3,445.00","3,445.00","3,445.00",,-1.77%
11-09-2026,"3,507.00","3,507.00","3,507.00","3,507.00",,-0.40%
10-09-2026,"3,521.00","3,521.00","3,521.00","3,521.00",,-2.73%
09-09-2026,"3,620.00","3,620.00","3,620.00","3,620.00",,1.00%
08-09-2026,"3,584.00","3,584.00","3,584.00","3,584.00",,0.25%
07-09-2026,"3,575.00","3,575.00","3,575.00","3,575.00",,-1.46%
04-09-2026,"3,628.00","3,628.00","3,628.00","3,628.00",,4.01%
03-09-2026,"3,488.00","3,488.00","3,488.00","3,488.00",,4.71%
02-09-2026,"3,331.00","3,331.00","3,331.00","3,331.00",,5.51%
01-09-2026,"3,157.00","3,157.00","3,157.00","3,157.00",,-0.91%
28-08-2026,"3,186.00","3,186.00","3,186.00","3,186.00",,2.54%
27-08-2026,"3,107.00","3,107.00","3,107.00","3,107.00",,1.67%
26-08-2026,"3,056.00","3,056.00","3,056.00","3,056.00",,4.44%
25-08-2026,"2,926.00","2,926.00","2,926.00","2,926.00",,1.53%
24-08-2026,"2,882.00","2,882.00","2,882.00","2,882.00",,1.44%
21-08-2026,"2,841.00","2,841.00","2,841.00","2,841.00",,1.79%
20-08-2026,"2,791.00","2,791.00","2,791.00","2,791.00",,0.54%
19-08-2026,"2,776.00","2,776.00","2,776.00","2,776.00",,-1.39%
18-08-2026,"2,815.00","2,815.00","2,815.00","2,815.00",,-2.19%
17-08-2026,"2,878.00","2,878.00","2,878.00","2,878.00",,0.52%
14-08-2026,"2,863.00","2,863.00","2,863.00","2,863.00",,0.67%
13-08-2026,"2,844.00","2,844.00","2,844.00","2,844.00",,-3.23%
12-08-2026,"2,939.00","2,939.00","2,939.00","2,939.00",,-3.51%
11-08-2026,"3,046.00","3,046.00","3,046.00","3,046.00",,-1.20%
10-08-2026,"3,083.00","3,083.00","3,083.00","3,083.00",,-0.19%
07-08-2026,"3,089.00","3,089.00","3,089.00","3,089.00",,1.05%
06-08-2026,"3,057.00","3,057.00","3,057.00","3,057.00",,-0.20%
05-08-2026,"3,063.00","3,063.00","3,063.00","3,063.00",,4.33%
04-08-2026,"2,936.00","2,936.00","2,936.00","2,936.00",,3.27%
03-08-2026,"2,843.00","2,843.00","2,843.00","2,843.00",,4.06%
31-07-2026,"2,732.00","2,732.00","2,732.00","2,732.00",,2.21%
30-07-2026,"2,673.00","2,673.00","2,673.00","2,673.00",,1.56%
29-07-2026,"2,632.00","2,632.00","2,632.00","2,632.00",,-1.20%
28-07-2026,"2,664.00","2,664.00","2,664.00","2,664.00",,-1.19%
27-07-2026,"2,696.00","2,696.00","2,696.00","2,696.00",,-1.71%
24-07-2026,"2,743.00","2,743.00","2,743.00","2,743.00",,0.66%
23-07-2026,"2,725.00","2,725.00","2,725.00","2,725.00",,0.37%
22-07-2026,"2,715.00","2,715.00","2,715.00","2,715.00",,1.69%
21-07-2026,"2,670.00","2,670.00","2,670.00","2,670.00",,-0.04%
20-07-2026,"2,671.00","2,671.00","2,671.00","2,671.00",,-2.94%
17-07-2026,"2,752.00","2,752.00","2,752.00","2,752.00",,-3.10%
16-07-2026,"2,840.00","2,840.00","2,840.00","2,840.00",,-3.04%
15-07-2026,"2,929.00","2,929.00","2,929.00","2,929.00",,-1.71%
14-07-2026,"2,980.00","2,980.00","2,980.00","2,980.00",,0.68%
13-07-2026,"2,960.00","2,960.00","2,960.00","2,960.00",,0.54%
10-07-2026,"2,944.00","2,944.00","2,944.00","2,944.00",,1.17%
09-07-2026,"2,910.00","2,910.00","2,910.00","2,910.00",,1.36%
08-07-2026,"2,871.00","2,871.00","2,871.00","2,871.00",,-0.14%
07-07-2026,"2,875.00","2,875.00","2,875.00","2,875.00",,2.79%
06-07-2026,"2,797.00","2,797.00","2,797.00","2,797.00",,2.94%
03-07-2026,"2,717.00","2,717.00","2,717.00","2,717.00",,2.53%
02-07-2026,"2,650.00","2,650.00","2,650.00","2,650.00",,3.43%
01-07-2026,"2,562.00","2,562.00","2,562.00","2,562.00",,2.44%
30-06-2026,"2,501.00","2,501.00","2,501.00","2,501.00",,0.44%
29-06-2026,"2,490.00","2,490.00","2,490.00","2,490.00",,-1.35%
26-06-2026,"2,524.00","2,524.00","2,524.00","2,524.00",,-2.59%
25-06-2026,"2,591.00","2,591.00","2,591.00","2,591.00",,-1.63%
24-06-2026,"2,634.00","2,634.00","2,634.00","2,634.00",,-1.24%
23-06-2026,"2,667.00","2,667.00","2,667.00","2,667.00",,-0.63%
22-06-2026,"2,684.00","2,684.00","2,684.00","2,684.00",,-1.40%
19-06-2026,"2,722.00","2,722.00","2,722.00","2,722.00",,2.37%
18-06-2026,"2,659.00","2,659.00","2,659.00","2,659.00",,0.23%
17-06-2026,"2,653.00","2,653.00","2,653.00","2,653.00",,-0.64%
16-06-2026,"2,670.00","2,670.00","2,670.00","2,670.00",,-1.84%
15-06-2026,"2,720.00","2,729.00","2,729.00","2,720.00",,-3.48%
09-06-2026,"2,818.00","2,818.00","2,818.00","2,818.00",,-3.36%
08-06-2026,"2,916.00","2,916.00","2,916.00","2,916.00",,-2.18%
05-06-2026,"2,981.00","2,981.00","2,981.00","2,981.00",,-1.84%
04-06-2026,"3,037.00","3,037.00","3,037.00","3,037.00",,-2.78%
03-06-2026,"3,124.00","3,124.00","3,124.00","3,124.00",,-2.53%
02-06-2026,"3,205.00","3,205.00","3,205.00","3,205.00",,-0.53%
01-06-2026,"3,222.00","3,222.00","3,222.00","3,222.00",,-0.06%
29-05-2026,"3,224.00","3,224.00","3,224.00","3,224.00",,-0.06%
28-05-2026,"3,226.00","3,226.00","3,226.00","3,226.00",,3.27%
27-05-2026,"3,124.00","3,124.00","3,124.00","3,124.00",,1.26%
26-05-2026,"3,085.00","3,085.00","3,085.00","3,085.00",,3.14%
22-05-2026,"2,991.00","2,991.00","2,991.00","2,991.00",,0.91%
21-05-2026,"2,964.00","2,964.00","2,964.00","2,964.00",,-1.36%
20-05-2026,"3,005.00","3,005.00","3,005.00","3,005.00",,-1.60%
19-05-2026,"3,054.00","3,054.00","3,054.00","3,054.00",,-1.23%
18-05-2026,"3,092.00","3,092.00","3,092.00","3,092.00",,-1.87%
15-05-2026,"3,151.00","3,151.00","3,151.00","3,151.00",,-1.38%
14-05-2026,"3,195.00","3,195.00","3,195.00","3,195.00",,0.19%
13-05-2026,"3,189.00","3,189.00","3,189.00","3,189.00",,4.11%
12-05-2026,"3,063.00","3,063.00","3,063.00","3,063.00",,2.07%
11-05-2026,"3,001.00","3,001.00","3,001.00","3,001.00",,0.77%
08-05-2026,"2,978.00","2,978.00","2,978.00","2,978.00",,-1.85%
07-05-2026,"3,034.00","3,034.00","3,034.00","3,034.00",,1.44%
06-05-2026,"2,991.00","2,991.00","2,991.00","2,991.00",,5.61%
05-05-2026,"2,832.00","2,832.00","2,832.00","2,832.00",,3.74%
01-05-2026,"2,730.00","2,730.00","2,730.00","2,730.00",,1.64%
30-04-2026,"2,686.00","2,686.00","2,686.00","2,686.00",,0.60%
29-04-2026,"2,670.00","2,670.00","2,670.00","2,670.00",,-0.26%
28-04-2026,"2,677.00","2,677.00","2,677.00","2,677.00",,0.41%
27-04-2026,"2,666.00","2,666.00","2,666.00","2,666.00",,0.04%
24-04-2026,"2,665.00","2,665.00","2,665.00","2,665.00",,-0.30%
23-04-2026,"2,673.00","2,673.00","2,673.00","2,673.00",,-0.07%
22-04-2026,"2,675.00","2,675.00","2,675.00","2,675.00",,1.33%
21-04-2026,"2,640.00","2,640.00","2,640.00","2,640.00",,0.27%
20-04-2026,"2,633.00","2,633.00","2,633.00","2,633.00",,2.57%
17-04-2026,"2,567.00","2,567.00","2,567.00","2,567.00",,1.74%
16-04-2026,"2,523.00","2,523.00","2,523.00","2,523.00",,1.57%
15-04-2026,"2,484.00","2,484.00","2,484.00","2,484.00",,5.52%
14-04-2026,"2,354.00","2,354.00","2,354.00","2,354.00",,4.62%
13-04-2026,"2,250.00","2,250.00","2,250.00","2,250.00",,2.23%
10-04-2026,"2,201.00","2,201.00","2,201.00","2,201.00",,1.85%
09-04-2026,"2,161.00","2,161.00","2,161.00","2,161.00",,1.03%
08-04-2026,"2,139.00","2,139.00","2,139.00","2,139.00",,2.10%
07-04-2026,"2,095.00","2,095.00","2,095.00","2,095.00",,1.40%
02-04-2026,"2,066.00","2,066.00","2,066.00","2,066.00",,1.77%
01-04-2026,"2,030.00","2,030.00","2,030.00","2,030.00",,1.75%
31-03-2026,"1,995.00","1,995.00","1,995.00","1,995.00",,-1.09%
30-03-2026,"2,017.00","2,017.00","2,017.00","2,017.00",,-0.69%
27-03-2026,"2,031.00","2,031.00","2,031.00","2,031.00",,0.84%
26-03-2026,"2,014.00","2,014.00","2,014.00","2,014.00",,0.65%
25-03-2026,"2,001.00","2,001.00","2,001.00","2,001.00",,0.60%
24-03-2026,"1,989.00","1,989.00","1,989.00","1,989.00",,-2.36%
23-03-2026,"2,037.00","2,037.00","2,037.00","2,037.00",,-0.92%
20-03-2026,"2,056.00","2,056.00","2,056.00","2,056.00",,-0.05%
19-03-2026,"2,057.00","2,057.00","2,057.00","2,057.00",,-0.34%
18-03-2026,"2,064.00","2,064.00","2,064.00","2,064.00",,1.98%
17-03-2026,"2,024.00","2,024.00","2,024.00","2,024.00",,-0.69%
16-03-2026,"2,038.00","2,038.00","2,038.00","2,038.00",,0.49%
13-03-2026,"2,028.00","2,028.00","2,028.00","2,028.00",,2.84%
12-03-2026,"1,972.00","1,972.00","1,972.00","1,972.00",,2.39%
11-03-2026,"1,926.00","1,926.00","1,926.00","1,926.00",,0.36%
10-03-2026,"1,919.00","1,919.00","1,919.00","1,919.00",,-7.12%
09-03-2026,"2,066.00","2,066.00","2,066.00","2,066.00",,2.79%
06-03-2026,"2,010.00","2,010.00","2,010.00","2,010.00",,-5.99%
05-03-2026,"2,138.00","2,138.00","2,138.00","2,138.00",,-4.25%
04-03-2026,"2,233.00","2,233.00","2,233.00","2,233.00",,-0.40%
03-03-2026,"2,242.00","2,242.00","2,242.00","2,242.00",,2.51%
02-03-2026,"2,187.00","2,187.00","2,187.00","2,187.00",,2.20%
27-02-2026,"2,140.00","2,140.00","2,140.00","2,140.00",,1.09%
26-02-2026,"2,117.00","2,117.00","2,117.00","2,117.00",,-0.19%
25-02-2026,"2,121.00","2,121.00","2,121.00","2,121.00",,-0.38%
24-02-2026,"2,129.00","2,129.00","2,129.00","2,129.00",,0.80%
23-02-2026,"2,112.00","2,112.00","2,112.00","2,112.00",,3.38%
20-02-2026,"2,043.00","2,043.00","2,043.00","2,043.00",,1.19%
19-02-2026,"2,019.00","2,019.00","2,019.00","2,019.00",,-2.13%
18-02-2026,"2,063.00","2,063.00","2,063.00","2,063.00",,-1.53%
17-02-2026,"2,095.00","2,095.00","2,095.00","2,095.00",,-0.24%
16-02-2026,"2,100.00","2,100.00","2,100.00","2,100.00",,0.82%
13-02-2026,"2,083.00","2,083.00","2,083.00","2,083.00",,-0.57%
12-02-2026,"2,095.00","2,095.00","2,095.00","2,095.00",,7.00%
11-02-2026,"1,958.00","1,958.00","1,958.00","1,958.00",,4.04%
10-02-2026,"1,882.00","1,882.00","1,882.00","1,882.00",,-0.69%
09-02-2026,"1,895.00","1,895.00","1,895.00","1,895.00",,-1.46%
06-02-2026,"1,923.00","1,923.00","1,923.00","1,923.00",,-0.67%
05-02-2026,"1,936.00","1,936.00","1,936.00","1,936.00",,-0.97%
04-02-2026,"1,955.00","1,955.00","1,955.00","1,955.00",,-3.60%
03-02-2026,"2,028.00","2,028.00","2,028.00","2,028.00",,-4.52%
02-02-2026,"2,124.00","2,124.00","2,124.00","2,124.00",,-1.12%
30-01-2026,"2,148.00","2,148.00","2,148.00","2,148.00",,7.29%
29-01-2026,"2,002.00","2,002.00","2,002.00","2,002.00",,-0.69%
28-01-2026,"2,016.00","2,016.00","2,016.00","2,016.00",,0.85%
27-01-2026,"1,999.00","1,999.00","1,999.00","1,999.00",,12.30%
26-01-2026,"1,780.00","1,780.00","1,780.00","1,780.00",,1.02%
23-01-2026,"1,762.00","1,762.00","1,762.00","1,762.00",,0.06%
22-01-2026,"1,761.00","1,761.00","1,761.00","1,761.00",,-2.33%
21-01-2026,"1,803.00","1,803.00","1,803.00","1,803.00",,4.28%
20-01-2026,"1,729.00","1,729.00","1,729.00","1,729.00",,4.79%
19-01-2026,"1,650.00","1,650.00","1,650.00","1,650.00",,5.30%
16-01-2026,"1,567.00","1,567.00","1,567.00","1,567.00",,2.28%
15-01-2026,"1,532.00","1,532.00","1,532.00","1,532.00",,-2.17%
14-01-2026,"1,566.00","1,566.00","1,566.00","1,566.00",,-2.61%
13-01-2026,"1,608.00","1,608.00","1,608.00","1,608.00",,-3.07%
12-01-2026,"1,659.00","1,659.00","1,659.00","1,659.00",,-1.72%
09-01-2026,"1,688.00","1,688.00","1,688.00","1,688.00",,-1.75%
08-01-2026,"1,718.00","1,718.00","1,718.00","1,718.00",,-3.27%
07-01-2026,"1,776.00","1,776.00","1,776.00","1,776.00",,-2.95%
06-01-2026,"1,830.00","1,830.00","1,830.00","1,830.00",,-1.13%
05-01-2026,"1,851.00","1,851.00","1,851.00","1,851.00",,-1.65%
02-01-2026,"1,882.00","1,882.00","1,882.00","1,882.00",,0.27%
24-12-2025,"1,877.00","1,877.00","1,877.00","1,877.00",,-0.64%
23-12-2025,"1,889.00","1,889.00","1,889.00","1,889.00",,-4.55%
22-12-2025,"1,979.00","1,979.00","1,979.00","1,979.00",,-2.17%
19-12-2025,"2,023.00","2,023.00","2,023.00","2,023.00",,-2.32%
18-12-2025,"2,071.00","2,071.00","2,071.00","2,071.00",,-2.36%
17-12-2025,"2,121.00","2,121.00","2,121.00","2,121.00",,-3.77%
16-12-2025,"2,204.00","2,204.00","2,204.00","2,204.00",,0.50%
15-12-2025,"2,193.00","2,193.00","2,193.00","2,193.00",,-0.54%
12-12-2025,"2,205.00","2,205.00","2,205.00","2,205.00",,-3.88%
11-12-2025,"2,294.00","2,294.00","2,294.00","2,294.00",,-5.60%
10-12-2025,"2,430.00","2,430.00","2,430.00","2,430.00",,-4.97%
09-12-2025,"2,557.00","2,557.00","2,557.00","2,557.00",,-5.09%
08-12-2025,"2,694.00","2,694.00","2,694.00","2,694.00",,-1.21%
05-12-2025,"2,727.00","2,727.00","2,727.00","2,727.00",,-3.09%
04-12-2025,"2,814.00","2,814.00","2,814.00","2,814.00",,-1.09%
03-12-2025,"2,845.00","2,845.00","2,845.00","2,845.00",,9.42%
02-12-2025,"2,600.00","2,600.00","2,600.00","2,600.00",,0.66%
01-12-2025,"2,583.00","2,583.00","2,583.00","2,583.00",,0.90%
28-11-2025,"2,560.00","2,560.00","2,560.00","2,560.00",,3.23%
27-11-2025,"2,480.00","2,480.00","2,480.00","2,480.00",,3.29%
26-11-2025,"2,401.00","2,401.00","2,401.00","2,401.00",,3.98%
25-11-2025,"2,309.00","2,309.00","2,309.00","2,309.00",,0.61%
24-11-2025,"2,295.00","2,295.00","2,295.00","2,295.00",,0.88%
21-11-2025,"2,275.00","2,275.00","2,275.00","2,275.00",,0.22%
20-11-2025,"2,270.00","2,270.00","2,270.00","2,270.00",,0.44%
19-11-2025,"2,260.00","2,260.00","2,260.00","2,260.00",,1.99%
18-11-2025,"2,216.00","2,216.00","2,216.00","2,216.00",,2.93%
17-11-2025,"2,153.00","2,153.00","2,153.00","2,153.00",,1.32%
14-11-2025,"2,125.00","2,125.00","2,125.00","2,125.00",,2.31%
13-11-2025,"2,077.00","2,077.00","2,077.00","2,077.00",,2.32%
12-11-2025,"2,030.00","2,030.00","2,030.00","2,030.00",,-2.03%
11-11-2025,"2,072.00","2,072.00","2,072.00","2,072.00",,-0.58%
10-11-2025,"2,084.00","2,084.00","2,084.00","2,084.00",,-0.95%
07-11-2025,"2,104.00","2,104.00","2,104.00","2,104.00",,1.99%
06-11-2025,"2,063.00","2,063.00","2,063.00","2,063.00",,3.00%
05-11-2025,"2,003.00","2,003.00","2,003.00","2,003.00",,2.30%
04-11-2025,"1,958.00","1,958.00","1,958.00","1,958.00",,0.67%
03-11-2025,"1,945.00","1,945.00","1,945.00","1,945.00",,-1.07%
31-10-2025,"1,966.00","1,966.00","1,966.00","1,966.00",,-0.86%
30-10-2025,"1,983.00","1,983.00","1,983.00","1,983.00",,1.12%
29-10-2025,"1,961.00","1,961.00","1,961.00","1,961.00",,0.56%
28-10-2025,"1,950.00","1,950.00","1,950.00","1,950.00",,-1.32%
27-10-2025,"1,976.00","1,976.00","1,976.00","1,976.00",,-0.75%
24-10-2025,"1,991.00","1,991.00","1,991.00","1,991.00",,-3.21%
23-10-2025,"2,057.00","2,057.00","2,057.00","2,057.00",,-1.77%
21-10-2025,"2,094.00","2,094.00","2,094.00","2,094.00",,1.11%
20-10-2025,"2,071.00","2,069.00","2,071.00","2,069.00",,0.10%
17-10-2025,"2,069.00","2,069.00","2,069.00","2,069.00",,1.12%
16-10-2025,"2,046.00","2,046.00","2,046.00","2,046.00",,2.45%
15-10-2025,"1,997.00","1,997.00","1,997.00","1,997.00",,-1.24%
14-10-2025,"2,022.00","2,022.00","2,022.00","2,022.00",,-5.69%
13-10-2025,"2,144.00","2,144.00","2,144.00","2,144.00",,10.74%
10-10-2025,"1,936.00","1,936.00","1,936.00","1,936.00",,0.68%
09-10-2025,"1,923.00","1,923.00","1,923.00","1,923.00",,-2.04%
08-10-2025,"1,963.00","1,963.00","1,963.00","1,963.00",,0.82%
07-10-2025,"1,947.00","1,947.00","1,947.00","1,947.00",,0.78%
06-10-2025,"1,932.00","1,932.00","1,932.00","1,932.00",,1.63%
03-10-2025,"1,901.00","1,901.00","1,901.00","1,901.00",,-0.42%
02-10-2025,"1,909.00","1,909.00","1,909.00","1,909.00",,-3.59%
01-10-2025,"1,980.00","1,980.00","1,980.00","1,980.00",,-7.22%
30-09-2025,"2,134.00","2,134.00","2,134.00","2,134.00",,-3.87%
29-09-2025,"2,220.00","2,220.00","2,220.00","2,220.00",,-1.73%
26-09-2025,"2,259.00","2,259.00","2,259.00","2,259.00",,-0.31%
25-09-2025,"2,266.00","2,266.00","2,266.00","2,266.00",,1.16%
24-09-2025,"2,240.00","2,240.00","2,240.00","2,240.00",,1.82%
23-09-2025,"2,200.00","2,200.00","2,200.00","2,200.00",,1.29%
22-09-2025,"2,172.00","2,172.00","2,172.00","2,172.00",,-1.41%
19-09-2025,"2,203.00","2,203.00","2,203.00","2,203.00",,-0.09%
18-09-2025,"2,205.00","2,205.00","2,205.00","2,205.00",,1.15%
17-09-2025,"2,180.00","2,180.00","2,180.00","2,180.00",,1.21%
16-09-2025,"2,154.00","2,154.00","2,154.00","2,154.00",,0.05%
15-09-2025,"2,153.00","2,153.00","2,153.00","2,153.00",,1.27%
12-09-2025,"2,126.00","2,126.00","2,126.00","2,126.00",,0.71%
11-09-2025,"2,111.00","2,111.00","2,111.00","2,111.00",,-0.05%
10-09-2025,"2,112.00","2,112.00","2,112.00","2,112.00",,1.59%
09-09-2025,"2,079.00","2,079.00","2,079.00","2,079.00",,2.97%
08-09-2025,"2,019.00","2,019.00","2,019.00","2,019.00",,2.02%
05-09-2025,"1,979.00","1,979.00","1,979.00","1,979.00",,0.82%
04-09-2025,"1,963.00","1,963.00","1,963.00","1,963.00",,1.19%
03-09-2025,"1,940.00","1,940.00","1,940.00","1,940.00",,-2.32%
02-09-2025,"1,986.00","1,986.00","1,986.00","1,986.00",,-1.88%
01-09-2025,"2,024.00","2,024.00","2,024.00","2,024.00",,-0.05%
29-08-2025,"2,025.00","2,025.00","2,025.00","2,025.00",,0.40%
28-08-2025,"2,017.00","2,017.00","2,017.00","2,017.00",,-1.42%
27-08-2025,"2,046.00","2,046.00","2,046.00","2,046.00",,0.24%
26-08-2025,"2,041.00","2,041.00","2,041.00","2,041.00",,4.99%
22-08-2025,"1,944.00","1,944.00","1,944.00","1,944.00",,2.69%
21-08-2025,"1,893.00","1,893.00","1,893.00","1,893.00",,-1.76%
20-08-2025,"1,927.00","1,927.00","1,927.00","1,927.00",,-1.88%
19-08-2025,"1,964.00","1,964.00","1,964.00","1,964.00",,-2.87%
18-08-2025,"2,022.00","2,022.00","2,022.00","2,022.00",,-1.08%
15-08-2025,"2,044.00","2,044.00","2,044.00","2,044.00",,0.25%
14-08-2025,"2,039.00","2,039.00","2,039.00","2,039.00",,0.69%
13-08-2025,"2,025.00","2,025.00","2,025.00","2,025.00",,0.40%
12-08-2025,"2,017.00","2,017.00","2,017.00","2,017.00",,-1.03%
11-08-2025,"2,038.00","2,038.00","2,038.00","2,038.00",,-0.63%
08-08-2025,"2,051.00","2,051.00","2,051.00","2,051.00",,2.14%
07-08-2025,"2,008.00","2,008.00","2,008.00","2,008.00",,0.70%
06-08-2025,"1,994.00","1,994.00","1,994.00","1,994.00",,3.80%
05-08-2025,"1,921.00","1,921.00","1,921.00","1,921.00",,-2.49%
04-08-2025,"1,970.00","1,970.00","1,970.00","1,970.00",,-2.38%
01-08-2025,"2,018.00","2,018.00","2,018.00","2,018.00",,0.75%
31-07-2025,"2,003.00","2,003.00","2,003.00","2,003.00",,0.40%
30-07-2025,"1,995.00","1,995.00","1,995.00","1,995.00",,-5.41%
29-07-2025,"2,109.00","2,109.00","2,109.00","2,109.00",,-5.26%
28-07-2025,"2,226.00","2,226.00","2,226.00","2,226.00",,-1.37%
25-07-2025,"2,257.00","2,257.00","2,257.00","2,257.00",,-0.04%
24-07-2025,"2,258.00","2,258.00","2,258.00","2,258.00",,6.51%
23-07-2025,"2,120.00","2,120.00","2,120.00","2,120.00",,4.18%
22-07-2025,"2,035.00","2,035.00","2,035.00","2,035.00",,0.94%
21-07-2025,"2,016.00","2,016.00","2,016.00","2,016.00",,-1.75%
18-07-2025,"2,052.00","2,052.00","2,052.00","2,052.00",,1.08%
17-07-2025,"2,030.00","2,030.00","2,030.00","2,030.00",,6.51%
16-07-2025,"1,906.00","1,906.00","1,906.00","1,906.00",,2.14%
15-07-2025,"1,866.00","1,866.00","1,866.00","1,866.00",,4.66%
14-07-2025,"1,783.00","1,783.00","1,783.00","1,783.00",,7.22%
11-07-2025,"1,663.00","1,663.00","1,663.00","1,663.00",,13.52%
10-07-2025,"1,465.00","1,465.00","1,465.00","1,465.00",,2.38%
08-07-2025,"1,431.00","1,431.00","1,431.00","1,431.00",,-0.35%
07-07-2025,"1,436.00","1,436.00","1,436.00","1,436.00",,0.00%
04-07-2025,"1,436.00","1,436.00","1,436.00","1,436.00",,0.14%
03-07-2025,"1,434.00","1,434.00","1,434.00","1,434.00",,-0.62%
02-07-2025,"1,443.00","1,443.00","1,443.00","1,443.00",,-1.03%
01-07-2025,"1,458.00","1,458.00","1,458.00","1,458.00",,-2.08%
30-06-2025,"1,489.00","1,489.00","1,489.00","1,489.00",,-2.10%
27-06-2025,"1,521.00","1,521.00","1,521.00","1,521.00",,-2.06%
26-06-2025,"1,553.00","1,553.00","1,553.00","1,553.00",,-6.73%
25-06-2025,"1,665.00","1,665.00","1,665.00","1,665.00",,-0.95%
24-06-2025,"1,681.00","1,681.00","1,681.00","1,681.00",,0.42%
23-06-2025,"1,674.00","1,674.00","1,674.00","1,674.00",,-0.89%
20-06-2025,"1,689.00","1,689.00","1,689.00","1,689.00",,-3.54%
19-06-2025,"1,751.00","1,751.00","1,751.00","1,751.00",,-6.56%
18-06-2025,"1,874.00","1,874.00","1,874.00","1,874.00",,-4.00%
17-06-2025,"1,952.00","1,952.00","1,952.00","1,952.00",,-1.16%
16-06-2025,"1,975.00","1,975.00","1,975.00","1,975.00",,0.36%
13-06-2025,"1,968.00","1,968.00","1,968.00","1,968.00",,3.36%
12-06-2025,"1,904.00","1,904.00","1,904.00","1,904.00",,9.55%
11-06-2025,"1,738.00","1,738.00","1,738.00","1,738.00",,3.45%
10-06-2025,"1,680.00","1,680.00","1,680.00","1,680.00",,-0.65%
09-06-2025,"1,691.00","1,691.00","1,691.00","1,691.00",,3.55%
06-06-2025,"1,633.00","1,633.00","1,633.00","1,633.00",,0.43%
05-06-2025,"1,626.00","1,626.00","1,626.00","1,626.00",,9.20%
04-06-2025,"1,489.00","1,489.00","1,489.00","1,489.00",,4.13%
03-06-2025,"1,430.00","1,430.00","1,430.00","1,430.00",,0.56%
02-06-2025,"1,422.00","1,422.00","1,422.00","1,422.00",,0.28%
30-05-2025,"1,418.00","1,418.00","1,418.00","1,418.00",,4.80%
29-05-2025,"1,353.00","1,353.00","1,353.00","1,353.00",,3.84%
28-05-2025,"1,303.00","1,303.00","1,303.00","1,303.00",,0.54%
27-05-2025,"1,296.00","1,296.00","1,296.00","1,296.00",,-3.28%
23-05-2025,"1,340.00","1,340.00","1,340.00","1,340.00",,-0.07%
22-05-2025,"1,341.00","1,341.00","1,341.00","1,341.00",,0.30%
21-05-2025,"1,337.00","1,337.00","1,337.00","1,337.00",,-0.22%
20-05-2025,"1,340.00","1,340.00","1,340.00","1,340.00",,-0.52%
19-05-2025,"1,347.00","1,347.00","1,347.00","1,347.00",,-2.95%
16-05-2025,"1,388.00","1,388.00","1,388.00","1,388.00",,6.36%
15-05-2025,"1,305.00","1,305.00","1,305.00","1,305.00",,3.00%
14-05-2025,"1,267.00","1,267.00","1,267.00","1,267.00",,-1.02%
13-05-2025,"1,280.00","1,280.00","1,280.00","1,280.00",,-1.84%
12-05-2025,"1,304.00","1,304.00","1,304.00","1,304.00",,0.38%
09-05-2025,"1,299.00","1,299.00","1,299.00","1,299.00",,-1.29%
08-05-2025,"1,316.00","1,316.00","1,316.00","1,316.00",,-4.22%
07-05-2025,"1,374.00","1,374.00","1,374.00","1,374.00",,-2.28%
06-05-2025,"1,406.00","1,406.00","1,406.00","1,406.00",,-1.06%
02-05-2025,"1,421.00","1,421.00","1,421.00","1,421.00",,0.71%
01-05-2025,"1,411.00","1,411.00","1,411.00","1,411.00",,1.80%
30-04-2025,"1,386.00","1,386.00","1,386.00","1,386.00",,-0.86%
29-04-2025,"1,398.00","1,398.00","1,398.00","1,398.00",,-0.36%
28-04-2025,"1,403.00","1,403.00","1,403.00","1,403.00",,2.18%
25-04-2025,"1,373.00","1,373.00","1,373.00","1,373.00",,1.48%
24-04-2025,"1,353.00","1,353.00","1,353.00","1,353.00",,4.08%
23-04-2025,"1,300.00","1,300.00","1,300.00","1,300.00",,3.09%
22-04-2025,"1,261.00","1,261.00","1,261.00","1,261.00",,0.00%
17-04-2025,"1,261.00","1,261.00","1,261.00","1,261.00",,1.61%
16-04-2025,"1,241.00","1,241.00","1,241.00","1,241.00",,-1.74%
15-04-2025,"1,263.00","1,263.00","1,263.00","1,263.00",,-1.48%
14-04-2025,"1,282.00","1,282.00","1,282.00","1,282.00",,0.63%
11-04-2025,"1,274.00","1,274.00","1,274.00","1,274.00",,0.39%
10-04-2025,"1,269.00","1,269.00","1,269.00","1,269.00",,0.79%
09-04-2025,"1,259.00","1,259.00","1,259.00","1,259.00",,-6.18%
08-04-2025,"1,342.00","1,342.00","1,342.00","1,342.00",,-4.21%
07-04-2025,"1,401.00","1,401.00","1,401.00","1,401.00",,-5.91%
04-04-2025,"1,489.00","1,489.00","1,489.00","1,489.00",,-3.31%
03-04-2025,"1,540.00","1,540.00","1,540.00","1,540.00",,-2.72%
02-04-2025,"1,583.00","1,583.00","1,583.00","1,583.00",,-0.25%
01-04-2025,"1,587.00","1,587.00","1,587.00","1,587.00",,-0.69%
31-03-2025,"1,598.00","1,598.00","1,598.00","1,598.00",,-0.25%
28-03-2025,"1,602.00","1,602.00","1,602.00","1,602.00",,-1.17%
27-03-2025,"1,621.00","1,621.00","1,621.00","1,621.00",,-0.80%
26-03-2025,"1,634.00","1,634.00","1,634.00","1,634.00",,-0.49%
25-03-2025,"1,642.00","1,642.00","1,642.00","1,642.00",,-0.61%
24-03-2025,"1,652.00","1,652.00","1,652.00","1,652.00",,0.55%
21-03-2025,"1,643.00","1,643.00","1,643.00","1,643.00",,0.49%
20-03-2025,"1,635.00","1,635.00","1,635.00","1,635.00",,-0.12%
19-03-2025,"1,637.00","1,637.00","1,637.00","1,637.00",,-0.79%
18-03-2025,"1,650.00","1,650.00","1,650.00","1,650.00",,-0.48%
17-03-2025,"1,658.00","1,658.00","1,658.00","1,658.00",,-0.66%
14-03-2025,"1,669.00","1,669.00","1,669.00","1,669.00",,1.15%
13-03-2025,"1,650.00","1,650.00","1,650.00","1,650.00",,5.84%
12-03-2025,"1,559.00","1,559.00","1,559.00","1,559.00",,8.57%
11-03-2025,"1,436.00","1,436.00","1,436.00","1,436.00",,0.84%
10-03-2025,"1,424.00","1,424.00","1,424.00","1,424.00",,1.71%
07-03-2025,"1,400.00","1,400.00","1,400.00","1,400.00",,8.86%
06-03-2025,"1,286.00","1,286.00","1,286.00","1,286.00",,4.72%
05-03-2025,"1,228.00","1,228.00","1,228.00","1,228.00",,-2.69%
04-03-2025,"1,262.00","1,262.00","1,262.00","1,262.00",,-1.10%
03-03-2025,"1,276.00","1,276.00","1,276.00","1,276.00",,3.82%
28-02-2025,"1,229.00","1,229.00","1,229.00","1,229.00",,6.04%
27-02-2025,"1,159.00","1,159.00","1,159.00","1,159.00",,4.23%
26-02-2025,"1,112.00","1,112.00","1,112.00","1,112.00",,7.03%
25-02-2025,"1,039.00","1,039.00","1,039.00","1,039.00",,3.69%
24-02-2025,"1,002.00","1,002.00","1,002.00","1,002.00",,2.14%
21-02-2025,981,981,981,981,,4.25%
20-02-2025,941,941,941,941,,4.09%
19-02-2025,904,904,904,904,,7.49%
18-02-2025,841,841,841,841,,4.34%
17-02-2025,806,806,806,806,,1.77%
14-02-2025,792,792,792,792,,1.54%
13-02-2025,780,780,780,780,,0.52%
12-02-2025,776,776,776,776,,-3.12%
11-02-2025,801,801,801,801,,-0.99%
10-02-2025,809,809,809,809,,-0.74%
07-02-2025,815,815,815,815,,2.77%
06-02-2025,793,793,793,793,,2.85%
05-02-2025,771,771,771,771,,2.39%
04-02-2025,753,753,753,753,,2.03%
03-02-2025,738,738,738,738,,0.41%
31-01-2025,735,735,735,735,,2.80%
30-01-2025,715,715,715,715,,-1.52%
29-01-2025,726,726,726,726,,-2.68%
28-01-2025,746,746,746,746,,-1.97%
27-01-2025,761,761,761,761,,-2.19%
24-01-2025,778,778,778,778,,-5.58%
23-01-2025,824,824,824,824,,-7.73%
22-01-2025,893,893,893,893,,-3.77%
21-01-2025,928,928,928,928,,-3.03%
20-01-2025,957,957,957,957,,-3.04%
17-01-2025,987,987,987,987,,-3.52%
16-01-2025,"1,023.00","1,023.00","1,023.00","1,023.00",,-3.76%
15-01-2025,"1,063.00","1,063.00","1,063.00","1,063.00",,-1.57%
14-01-2025,"1,080.00","1,080.00","1,080.00","1,080.00",,-1.19%
13-01-2025,"1,093.00","1,093.00","1,093.00","1,093.00",,4.29%
10-01-2025,"1,048.00","1,048.00","1,048.00","1,048.00",,8.15%
09-01-2025,969,969,969,969,,0.31%
08-01-2025,966,966,966,966,,-4.83%
07-01-2025,"1,015.00","1,015.00","1,015.00","1,015.00",,-2.68%
06-01-2025,"1,043.00","1,043.00","1,043.00","1,043.00",,-2.71%
03-01-2025,"1,072.00","1,072.00","1,072.00","1,072.00",,4.18%
02-01-2025,"1,029.00","1,029.00","1,029.00","1,029.00",,3.21%
24-12-2024,997,997,997,997,,0.30%
23-12-2024,994,994,994,994,,0.40%
20-12-2024,990,990,990,990,,1.43%
19-12-2024,976,976,976,976,,-5.06%
18-12-2024,"1,028.00","1,028.00","1,028.00","1,028.00",,-2.37%
17-12-2024,"1,053.00","1,053.00","1,053.00","1,053.00",,-1.68%
16-12-2024,"1,071.00","1,071.00","1,071.00","1,071.00",,1.90%
13-12-2024,"1,051.00","1,051.00","1,051.00","1,051.00",,-0.38%
12-12-2024,"1,055.00","1,055.00","1,055.00","1,055.00",,-4.61%
11-12-2024,"1,106.00","1,106.00","1,106.00","1,106.00",,-4.33%
10-12-2024,"1,156.00","1,156.00","1,156.00","1,156.00",,-1.03%
09-12-2024,"1,168.00","1,168.00","1,168.00","1,168.00",,0.09%
06-12-2024,"1,167.00","1,167.00","1,167.00","1,167.00",,0.60%
05-12-2024,"1,160.00","1,160.00","1,160.00","1,160.00",,-1.69%
04-12-2024,"1,180.00","1,180.00","1,180.00","1,180.00",,-4.61%
03-12-2024,"1,237.00","1,237.00","1,237.00","1,237.00",,-4.70%
02-12-2024,"1,298.00","1,298.00","1,298.00","1,298.00",,-4.14%
29-11-2024,"1,354.00","1,354.00","1,354.00","1,354.00",,-4.58%
28-11-2024,"1,419.00","1,419.00","1,419.00","1,419.00",,-5.96%
27-11-2024,"1,509.00","1,509.00","1,509.00","1,509.00",,-4.55%
26-11-2024,"1,581.00","1,581.00","1,581.00","1,581.00",,3.40%
25-11-2024,"1,529.00","1,529.00","1,529.00","1,529.00",,-0.52%
22-11-2024,"1,537.00","1,537.00","1,537.00","1,537.00",,-2.47%
21-11-2024,"1,576.00","1,576.00","1,576.00","1,576.00",,-2.48%
20-11-2024,"1,616.00","1,616.00","1,616.00","1,616.00",,-0.68%
19-11-2024,"1,627.00","1,627.00","1,627.00","1,627.00",,-7.35%
18-11-2024,"1,756.00","1,756.00","1,756.00","1,756.00",,-1.62%
15-11-2024,"1,785.00","1,785.00","1,785.00","1,785.00",,5.50%
14-11-2024,"1,692.00","1,692.00","1,692.00","1,692.00",,3.80%
13-11-2024,"1,630.00","1,630.00","1,630.00","1,630.00",,-0.24%
12-11-2024,"1,634.00","1,634.00","1,634.00","1,634.00",,4.88%
11-11-2024,"1,558.00","1,558.00","1,558.00","1,558.00",,4.21%
08-11-2024,"1,495.00","1,495.00","1,495.00","1,495.00",,3.03%
07-11-2024,"1,451.00","1,451.00","1,451.00","1,451.00",,1.68%
06-11-2024,"1,427.00","1,427.00","1,427.00","1,427.00",,1.57%
05-11-2024,"1,405.00","1,405.00","1,405.00","1,405.00",,2.26%
04-11-2024,"1,374.00","1,374.00","1,374.00","1,374.00",,-0.29%
01-11-2024,"1,378.00","1,378.00","1,378.00","1,378.00",,-0.72%
31-10-2024,"1,388.00","1,388.00","1,388.00","1,388.00",,-0.50%
30-10-2024,"1,395.00","1,395.00","1,395.00","1,395.00",,-0.50%
29-10-2024,"1,402.00","1,402.00","1,402.00","1,402.00",,1.45%
28-10-2024,"1,382.00","1,382.00","1,382.00","1,382.00",,-1.99%
25-10-2024,"1,410.00","1,410.00","1,410.00","1,410.00",,-0.49%
24-10-2024,"1,417.00","1,417.00","1,417.00","1,417.00",,-1.94%
23-10-2024,"1,445.00","1,445.00","1,445.00","1,445.00",,-2.36%
22-10-2024,"1,480.00","1,480.00","1,480.00","1,480.00",,-4.27%
21-10-2024,"1,546.00","1,546.00","1,546.00","1,546.00",,-1.90%
18-10-2024,"1,576.00","1,576.00","1,576.00","1,576.00",,-1.13%
17-10-2024,"1,594.00","1,594.00","1,594.00","1,594.00",,-4.89%
16-10-2024,"1,676.00","1,676.00","1,676.00","1,676.00",,-5.10%
15-10-2024,"1,766.00","1,766.00","1,766.00","1,766.00",,-2.65%
14-10-2024,"1,814.00","1,814.00","1,814.00","1,814.00",,0.28%
11-10-2024,"1,809.00","1,809.00","1,809.00","1,809.00",,1.06%
10-10-2024,"1,790.00","1,790.00","1,790.00","1,790.00",,-0.50%
09-10-2024,"1,799.00","1,799.00","1,799.00","1,799.00",,-3.28%
08-10-2024,"1,860.00","1,860.00","1,860.00","1,860.00",,-2.46%
07-10-2024,"1,907.00","1,907.00","1,907.00","1,907.00",,-1.09%
04-10-2024,"1,928.00","1,928.00","1,928.00","1,928.00",,-0.67%
03-10-2024,"1,941.00","1,941.00","1,941.00","1,941.00",,-1.87%
02-10-2024,"1,978.00","1,978.00","1,978.00","1,978.00",,-2.56%
01-10-2024,"2,030.00","2,030.00","2,030.00","2,030.00",,-2.59%
30-09-2024,"2,084.00","2,084.00","2,084.00","2,084.00",,-1.23%
27-09-2024,"2,110.00","2,110.00","2,110.00","2,110.00",,0.91%
26-09-2024,"2,091.00","2,091.00","2,091.00","2,091.00",,3.72%
25-09-2024,"2,016.00","2,016.00","2,016.00","2,016.00",,0.10%
24-09-2024,"2,014.00","2,014.00","2,014.00","2,014.00",,0.75%
23-09-2024,"1,999.00","1,999.00","1,999.00","1,999.00",,1.11%
20-09-2024,"1,977.00","1,977.00","1,977.00","1,977.00",,0.05%
19-09-2024,"1,976.00","1,976.00","1,976.00","1,976.00",,4.55%
18-09-2024,"1,890.00","1,890.00","1,890.00","1,890.00",,-0.58%
17-09-2024,"1,901.00","1,901.00","1,901.00","1,901.00",,0.26%
16-09-2024,"1,896.00","1,896.00","1,896.00","1,896.00",,0.32%
13-09-2024,"1,890.00","1,890.00","1,890.00","1,890.00",,-1.92%
12-09-2024,"1,927.00","1,927.00","1,927.00","1,927.00",,-1.83%
11-09-2024,"1,963.00","1,963.00","1,963.00","1,963.00",,1.13%
10-09-2024,"1,941.00","1,941.00","1,941.00","1,941.00",,-0.87%
09-09-2024,"1,958.00","1,958.00","1,958.00","1,958.00",,0.88%
06-09-2024,"1,941.00","1,941.00","1,941.00","1,941.00",,1.15%
05-09-2024,"1,919.00","1,919.00","1,919.00","1,919.00",,0.89%
04-09-2024,"1,902.00","1,902.00","1,902.00","1,902.00",,-2.31%
03-09-2024,"1,947.00","1,947.00","1,947.00","1,947.00",,1.46%
02-09-2024,"1,919.00","1,919.00","1,919.00","1,919.00",,5.79%
30-08-2024,"1,814.00","1,814.00","1,814.00","1,814.00",,-0.71%
29-08-2024,"1,827.00","1,827.00","1,827.00","1,827.00",,4.10%
28-08-2024,"1,755.00","1,755.00","1,755.00","1,755.00",,1.98%
27-08-2024,"1,721.00","1,721.00","1,721.00","1,721.00",,-2.33%
23-08-2024,"1,762.00","1,762.00","1,762.00","1,762.00",,-0.34%
22-08-2024,"1,768.00","1,768.00","1,768.00","1,768.00",,0.51%
21-08-2024,"1,759.00","1,759.00","1,759.00","1,759.00",,1.38%
20-08-2024,"1,735.00","1,735.00","1,735.00","1,735.00",,1.58%
19-08-2024,"1,708.00","1,708.00","1,708.00","1,708.00",,1.01%
16-08-2024,"1,691.00","1,691.00","1,691.00","1,691.00",,-0.06%
15-08-2024,"1,692.00","1,692.00","1,692.00","1,692.00",,-2.08%
14-08-2024,"1,728.00","1,728.00","1,728.00","1,728.00",,3.47%
13-08-2024,"1,670.00","1,670.00","1,670.00","1,670.00",,0.91%
12-08-2024,"1,655.00","1,655.00","1,655.00","1,655.00",,-0.90%
09-08-2024,"1,670.00","1,670.00","1,670.00","1,670.00",,-0.77%
08-08-2024,"1,683.00","1,683.00","1,683.00","1,683.00",,-0.88%
07-08-2024,"1,698.00","1,698.00","1,698.00","1,698.00",,0.77%
06-08-2024,"1,685.00","1,685.00","1,685.00","1,685.00",,0.48%
05-08-2024,"1,677.00","1,677.00","1,677.00","1,677.00",,0.12%
02-08-2024,"1,675.00","1,675.00","1,675.00","1,675.00",,0.42%
01-08-2024,"1,668.00","1,668.00","1,668.00","1,668.00",,-2.34%
31-07-2024,"1,708.00","1,708.00","1,708.00","1,708.00",,-3.06%
30-07-2024,"1,762.00","1,762.00","1,762.00","1,762.00",,-1.95%
29-07-2024,"1,797.00","1,797.00","1,797.00","1,797.00",,-0.61%
26-07-2024,"1,808.00","1,808.00","1,808.00","1,808.00",,-1.42%
25-07-2024,"1,834.00","1,834.00","1,834.00","1,834.00",,-1.61%
24-07-2024,"1,864.00","1,864.00","1,864.00","1,864.00",,-0.27%
23-07-2024,"1,869.00","1,869.00","1,869.00","1,869.00",,-1.42%
22-07-2024,"1,896.00","1,896.00","1,896.00","1,896.00",,-0.32%
19-07-2024,"1,902.00","1,902.00","1,902.00","1,902.00",,-0.52%
18-07-2024,"1,912.00","1,912.00","1,912.00","1,912.00",,1.16%
17-07-2024,"1,890.00","1,890.00","1,890.00","1,890.00",,-2.68%
16-07-2024,"1,942.00","1,942.00","1,942.00","1,942.00",,-2.56%
15-07-2024,"1,993.00","1,993.00","1,993.00","1,993.00",,-0.20%
12-07-2024,"1,997.00","1,997.00","1,997.00","1,997.00",,2.57%
11-07-2024,"1,947.00","1,947.00","1,947.00","1,947.00",,0.41%
10-07-2024,"1,939.00","1,939.00","1,939.00","1,939.00",,2.38%
09-07-2024,"1,894.00","1,894.00","1,894.00","1,894.00",,-2.37%
08-07-2024,"1,940.00","1,940.00","1,940.00","1,940.00",,-1.32%
05-07-2024,"1,966.00","1,966.00","1,966.00","1,966.00",,-2.72%
04-07-2024,"2,021.00","2,021.00","2,021.00","2,021.00",,-2.08%
03-07-2024,"2,064.00","2,064.00","2,064.00","2,064.00",,-5.28%
02-07-2024,"2,179.00","2,179.00","2,179.00","2,179.00",,0.97%
01-07-2024,"2,158.00","2,158.00","2,158.00","2,158.00",,5.27%
28-06-2024,"2,050.00","2,050.00","2,050.00","2,050.00",,0.94%
27-06-2024,"2,031.00","2,031.00","2,031.00","2,031.00",,3.41%
26-06-2024,"1,964.00","1,964.00","1,964.00","1,964.00",,1.97%
25-06-2024,"1,926.00","1,926.00","1,926.00","1,926.00",,-2.38%
24-06-2024,"1,973.00","1,973.00","1,973.00","1,973.00",,-1.20%
21-06-2024,"1,997.00","1,997.00","1,997.00","1,997.00",,0.66%
20-06-2024,"1,984.00","1,984.00","1,984.00","1,984.00",,2.11%
19-06-2024,"1,943.00","1,943.00","1,943.00","1,943.00",,-0.92%
18-06-2024,"1,961.00","1,961.00","1,961.00","1,961.00",,0.67%
17-06-2024,"1,948.00","1,948.00","1,948.00","1,948.00",,0.00%
14-06-2024,"1,948.00","1,948.00","1,948.00","1,948.00",,0.31%
13-06-2024,"1,942.00","1,942.00","1,942.00","1,942.00",,5.77%
12-06-2024,"1,836.00","1,836.00","1,836.00","1,836.00",,0.27%
11-06-2024,"1,831.00","1,831.00","1,831.00","1,831.00",,-2.76%
10-06-2024,"1,883.00","1,883.00","1,883.00","1,883.00",,0.11%
07-06-2024,"1,881.00","1,881.00","1,881.00","1,881.00",,0.64%
06-06-2024,"1,869.00","1,869.00","1,869.00","1,869.00",,0.92%
05-06-2024,"1,852.00","1,852.00","1,852.00","1,852.00",,2.15%
04-06-2024,"1,813.00","1,813.00","1,813.00","1,813.00",,0.28%
03-06-2024,"1,808.00","1,808.00","1,808.00","1,808.00",,-0.39%
31-05-2024,"1,815.00","1,815.00","1,815.00","1,815.00",,0.78%
30-05-2024,"1,801.00","1,801.00","1,801.00","1,801.00",,0.61%
29-05-2024,"1,790.00","1,790.00","1,790.00","1,790.00",,0.34%
28-05-2024,"1,784.00","1,784.00","1,784.00","1,784.00",,-0.72%
24-05-2024,"1,797.00","1,797.00","1,797.00","1,797.00",,0.06%
23-05-2024,"1,796.00","1,796.00","1,796.00","1,796.00",,-0.44%
22-05-2024,"1,804.00","1,804.00","1,804.00","1,804.00",,-1.37%
21-05-2024,"1,829.00","1,829.00","1,829.00","1,829.00",,-0.97%
20-05-2024,"1,847.00","1,847.00","1,847.00","1,847.00",,0.16%
17-05-2024,"1,844.00","1,844.00","1,844.00","1,844.00",,1.49%
16-05-2024,"1,817.00","1,817.00","1,817.00","1,817.00",,-3.81%
15-05-2024,"1,889.00","1,889.00","1,889.00","1,889.00",,-5.22%
14-05-2024,"1,993.00","1,993.00","1,993.00","1,993.00",,-3.53%
13-05-2024,"2,066.00","2,066.00","2,066.00","2,066.00",,-2.96%
10-05-2024,"2,129.00","2,129.00","2,129.00","2,129.00",,-1.71%
09-05-2024,"2,166.00","2,166.00","2,166.00","2,166.00",,-1.68%
08-05-2024,"2,203.00","2,203.00","2,203.00","2,203.00",,5.76%
07-05-2024,"2,083.00","2,083.00","2,083.00","2,083.00",,11.03%
03-05-2024,"1,876.00","1,876.00","1,876.00","1,876.00",,5.75%
02-05-2024,"1,774.00","1,774.00","1,774.00","1,774.00",,5.09%
01-05-2024,"1,688.00","1,688.00","1,688.00","1,688.00",,0.18%
30-04-2024,"1,685.00","1,685.00","1,685.00","1,685.00",,0.06%
29-04-2024,"1,684.00","1,684.00","1,684.00","1,684.00",,-2.15%
26-04-2024,"1,721.00","1,721.00","1,721.00","1,721.00",,-1.26%
25-04-2024,"1,743.00","1,743.00","1,743.00","1,743.00",,-1.75%
24-04-2024,"1,774.00","1,774.00","1,774.00","1,774.00",,-1.66%
23-04-2024,"1,804.00","1,804.00","1,804.00","1,804.00",,-4.14%
22-04-2024,"1,882.00","1,882.00","1,882.00","1,882.00",,-1.93%
19-04-2024,"1,919.00","1,919.00","1,919.00","1,919.00",,0.95%
18-04-2024,"1,901.00","1,901.00","1,901.00","1,901.00",,3.09%
17-04-2024,"1,844.00","1,844.00","1,844.00","1,844.00",,3.65%
16-04-2024,"1,779.00","1,779.00","1,779.00","1,779.00",,2.83%
15-04-2024,"1,730.00","1,730.00","1,730.00","1,730.00",,0.06%
12-04-2024,"1,729.00","1,729.00","1,729.00","1,729.00",,2.31%
11-04-2024,"1,690.00","1,690.00","1,690.00","1,690.00",,6.49%
10-04-2024,"1,587.00","1,587.00","1,587.00","1,587.00",,1.08%
09-04-2024,"1,570.00","1,570.00","1,570.00","1,570.00",,-1.51%
08-04-2024,"1,594.00","1,594.00","1,594.00","1,594.00",,-2.09%
05-04-2024,"1,628.00","1,628.00","1,628.00","1,628.00",,-2.46%
04-04-2024,"1,669.00","1,669.00","1,669.00","1,669.00",,-2.45%
03-04-2024,"1,711.00","1,711.00","1,711.00","1,711.00",,-0.18%
02-04-2024,"1,714.00","1,714.00","1,714.00","1,714.00",,-5.88%
28-03-2024,"1,821.00","1,821.00","1,821.00","1,821.00",,-1.30%
27-03-2024,"1,845.00","1,845.00","1,845.00","1,845.00",,-7.24%
26-03-2024,"1,989.00","1,989.00","1,989.00","1,989.00",,-6.31%
25-03-2024,"2,123.00","2,123.00","2,123.00","2,123.00",,-3.32%
22-03-2024,"2,196.00","2,196.00","2,196.00","2,196.00",,-1.96%
21-03-2024,"2,240.00","2,240.00","2,240.00","2,240.00",,-1.93%
20-03-2024,"2,284.00","2,284.00","2,284.00","2,284.00",,-4.52%
19-03-2024,"2,392.00","2,392.00","2,392.00","2,392.00",,-1.12%
18-03-2024,"2,419.00","2,419.00","2,419.00","2,419.00",,2.07%
13-03-2024,"2,370.00","2,370.00","2,370.00","2,370.00",,2.38%
12-03-2024,"2,315.00","2,315.00","2,315.00","2,315.00",,-2.61%
11-03-2024,"2,377.00","2,377.00","2,377.00","2,377.00",,1.36%
08-03-2024,"2,345.00","2,345.00","2,345.00","2,345.00",,4.18%
07-03-2024,"2,251.00","2,251.00","2,251.00","2,251.00",,3.45%
06-03-2024,"2,176.00","2,176.00","2,176.00","2,176.00",,-5.02%
05-03-2024,"2,291.00","2,291.00","2,291.00","2,291.00",,-0.26%
04-03-2024,"2,297.00","2,297.00","2,297.00","2,297.00",,4.27%
01-03-2024,"2,203.00","2,203.00","2,203.00","2,203.00",,4.36%
29-02-2024,"2,111.00","2,111.00","2,111.00","2,111.00",,3.43%
28-02-2024,"2,041.00","2,041.00","2,041.00","2,041.00",,7.48%
27-02-2024,"1,899.00","1,899.00","1,899.00","1,899.00",,1.50%
26-02-2024,"1,871.00","1,871.00","1,871.00","1,871.00",,0.27%
23-02-2024,"1,866.00","1,866.00","1,866.00","1,866.00",,6.51%
22-02-2024,"1,752.00","1,752.00","1,752.00","1,752.00",,4.53%
21-02-2024,"1,676.00","1,676.00","1,676.00","1,676.00",,2.70%
20-02-2024,"1,632.00","1,632.00","1,632.00","1,632.00",,0.18%
19-02-2024,"1,629.00","1,629.00","1,629.00","1,629.00",,1.18%
16-02-2024,"1,610.00","1,610.00","1,610.00","1,610.00",,1.83%
15-02-2024,"1,581.00","1,581.00","1,581.00","1,581.00",,-0.06%
14-02-2024,"1,582.00","1,582.00","1,582.00","1,582.00",,-0.19%
13-02-2024,"1,585.00","1,585.00","1,585.00","1,585.00",,0.83%
12-02-2024,"1,572.00","1,572.00","1,572.00","1,572.00",,1.75%
09-02-2024,"1,545.00","1,545.00","1,545.00","1,545.00",,4.89%
08-02-2024,"1,473.00","1,473.00","1,473.00","1,473.00",,-0.94%
07-02-2024,"1,487.00","1,487.00","1,487.00","1,487.00",,-1.91%
06-02-2024,"1,516.00","1,516.00","1,516.00","1,516.00",,5.57%
05-02-2024,"1,436.00","1,436.00","1,436.00","1,436.00",,2.06%
02-02-2024,"1,407.00","1,407.00","1,407.00","1,407.00",,1.37%
01-02-2024,"1,388.00","1,388.00","1,388.00","1,388.00",,-0.72%
31-01-2024,"1,398.00","1,398.00","1,398.00","1,398.00",,0.07%
30-01-2024,"1,397.00","1,397.00","1,397.00","1,397.00",,-4.32%
29-01-2024,"1,460.00","1,460.00","1,460.00","1,460.00",,-3.82%
26-01-2024,"1,518.00","1,518.00","1,518.00","1,518.00",,1.27%
25-01-2024,"1,499.00","1,499.00","1,499.00","1,499.00",,-0.53%
24-01-2024,"1,507.00","1,507.00","1,507.00","1,507.00",,2.31%
23-01-2024,"1,473.00","1,473.00","1,473.00","1,473.00",,-2.96%
22-01-2024,"1,518.00","1,518.00","1,518.00","1,518.00",,1.00%
19-01-2024,"1,503.00","1,503.00","1,503.00","1,503.00",,10.76%
18-01-2024,"1,357.00","1,357.00","1,357.00","1,357.00",,3.75%
17-01-2024,"1,308.00","1,308.00","1,308.00","1,308.00",,-1.21%
16-01-2024,"1,324.00","1,324.00","1,324.00","1,324.00",,-2.65%
15-01-2024,"1,360.00","1,360.00","1,360.00","1,360.00",,-6.85%
12-01-2024,"1,460.00","1,460.00","1,460.00","1,460.00",,-6.05%
11-01-2024,"1,554.00","1,554.00","1,554.00","1,554.00",,-6.61%
10-01-2024,"1,664.00","1,664.00","1,664.00","1,664.00",,-11.25%
09-01-2024,"1,875.00","1,875.00","1,875.00","1,875.00",,-7.27%
08-01-2024,"2,022.00","2,022.00","2,022.00","2,022.00",,-4.17%
05-01-2024,"2,110.00","2,110.00","2,110.00","2,110.00",,1.15%
04-01-2024,"2,086.00","2,086.00","2,086.00","2,086.00",,-0.24%
03-01-2024,"2,091.00","2,091.00","2,091.00","2,091.00",,-0.10%
02-01-2024,"2,093.00","2,093.00","2,093.00","2,093.00",,-0.05%
22-12-2023,"2,094.00","2,094.00","2,094.00","2,094.00",,0.34%
21-12-2023,"2,087.00","2,087.00","2,087.00","2,087.00",,-2.93%
20-12-2023,"2,150.00","2,150.00","2,150.00","2,150.00",,-3.11%
19-12-2023,"2,219.00","2,219.00","2,219.00","2,219.00",,-3.02%
18-12-2023,"2,288.00","2,288.00","2,288.00","2,288.00",,-2.56%
15-12-2023,"2,348.00","2,348.00","2,348.00","2,348.00",,-2.61%
14-12-2023,"2,411.00","2,411.00","2,411.00","2,411.00",,-1.11%
13-12-2023,"2,438.00","2,438.00","2,438.00","2,438.00",,-4.43%
12-12-2023,"2,551.00","2,551.00","2,551.00","2,551.00",,1.67%
11-12-2023,"2,509.00","2,509.00","2,509.00","2,509.00",,1.05%
08-12-2023,"2,483.00","2,483.00","2,483.00","2,483.00",,-0.48%
07-12-2023,"2,495.00","2,495.00","2,495.00","2,495.00",,-12.39%
06-12-2023,"2,848.00","2,848.00","2,848.00","2,848.00",,-9.39%
05-12-2023,"3,143.00","3,143.00","3,143.00","3,143.00",,-6.07%
04-12-2023,"3,346.00","3,346.00","3,346.00","3,346.00",,4.82%
01-12-2023,"3,192.00","3,192.00","3,192.00","3,192.00",,8.68%
30-11-2023,"2,937.00","2,937.00","2,937.00","2,937.00",,8.94%
29-11-2023,"2,696.00","2,696.00","2,696.00","2,696.00",,12.76%
28-11-2023,"2,391.00","2,391.00","2,391.00","2,391.00",,5.84%
27-11-2023,"2,259.00","2,259.00","2,259.00","2,259.00",,7.47%
24-11-2023,"2,102.00","2,102.00","2,102.00","2,102.00",,13.32%
23-11-2023,"1,855.00","1,855.00","1,855.00","1,855.00",,5.70%
22-11-2023,"1,755.00","1,755.00","1,755.00","1,755.00",,-2.28%
21-11-2023,"1,796.00","1,796.00","1,796.00","1,796.00",,-1.16%
20-11-2023,"1,817.00","1,817.00","1,817.00","1,817.00",,-0.16%
17-11-2023,"1,820.00","1,820.00","1,820.00","1,820.00",,3.53%
16-11-2023,"1,758.00","1,758.00","1,758.00","1,758.00",,4.15%
15-11-2023,"1,688.00","1,688.00","1,688.00","1,688.00",,1.56%
14-11-2023,"1,662.00","1,662.00","1,662.00","1,662.00",,0.42%
13-11-2023,"1,655.00","1,655.00","1,655.00","1,655.00",,0.73%
10-11-2023,"1,643.00","1,643.00","1,643.00","1,643.00",,2.82%
09-11-2023,"1,598.00","1,598.00","1,598.00","1,598.00",,4.44%
08-11-2023,"1,530.00","1,530.00","1,530.00","1,530.00",,-1.86%
07-11-2023,"1,559.00","1,559.00","1,559.00","1,559.00",,2.36%
06-11-2023,"1,523.00","1,523.00","1,523.00","1,523.00",,4.17%
03-11-2023,"1,462.00","1,462.00","1,462.00","1,462.00",,5.56%
02-11-2023,"1,385.00","1,385.00","1,385.00","1,385.00",,-1.14%
01-11-2023,"1,401.00","1,401.00","1,401.00","1,401.00",,-3.98%
31-10-2023,"1,459.00","1,459.00","1,459.00","1,459.00",,-2.86%
30-10-2023,"1,502.00","1,502.00","1,502.00","1,502.00",,-3.90%
27-10-2023,"1,563.00","1,563.00","1,563.00","1,563.00",,-5.96%
26-10-2023,"1,662.00","1,662.00","1,662.00","1,662.00",,-9.28%
25-10-2023,"1,832.00","1,832.00","1,832.00","1,832.00",,-6.00%
24-10-2023,"1,949.00","1,949.00","1,949.00","1,949.00",,-3.37%
23-10-2023,"2,017.00","2,017.00","2,017.00","2,017.00",,-1.42%
20-10-2023,"2,046.00","2,046.00","2,046.00","2,046.00",,-1.21%
19-10-2023,"2,071.00","2,071.00","2,071.00","2,071.00",,-1.62%
18-10-2023,"2,105.00","2,105.00","2,105.00","2,105.00",,2.28%
17-10-2023,"2,058.00","2,058.00","2,058.00","2,058.00",,4.36%
16-10-2023,"1,972.00","1,972.00","1,972.00","1,972.00",,1.39%
13-10-2023,"1,945.00","1,945.00","1,945.00","1,945.00",,0.52%
12-10-2023,"1,935.00","1,935.00","1,935.00","1,935.00",,-0.67%
11-10-2023,"1,948.00","1,948.00","1,948.00","1,948.00",,-1.77%
10-10-2023,"1,983.00","1,983.00","1,983.00","1,983.00",,-0.40%
09-10-2023,"1,991.00","1,991.00","1,991.00","1,991.00",,3.21%
06-10-2023,"1,929.00","1,929.00","1,929.00","1,929.00",,5.58%
05-10-2023,"1,827.00","1,827.00","1,827.00","1,827.00",,2.76%
04-10-2023,"1,778.00","1,778.00","1,778.00","1,778.00",,-0.11%
03-10-2023,"1,780.00","1,780.00","1,780.00","1,780.00",,2.48%
02-10-2023,"1,737.00","1,737.00","1,737.00","1,737.00",,2.12%
29-09-2023,"1,701.00","1,701.00","1,701.00","1,701.00",,-0.87%
28-09-2023,"1,716.00","1,716.00","1,716.00","1,716.00",,-2.05%
27-09-2023,"1,752.00","1,752.00","1,752.00","1,752.00",,3.42%
26-09-2023,"1,694.00","1,694.00","1,694.00","1,694.00",,4.96%
